{

	"metadata" :
	{
		"formatVersion" : 3.1,
		"generatedBy"   : "Blender 2.7 Exporter",
		"vertices"      : 100,
		"faces"         : 81,
		"normals"       : 1,
		"colors"        : 0,
		"uvs"           : [],
		"materials"     : 0,
		"morphTargets"  : 0,
		"bones"         : 0
	},

	"scale" : 1.000000,

	"materials" : [],

	"vertices" : [7.98497,0.0351852,7.9906,6.20719,0.0351852,7.9906,4.42941,0.0351852,7.9906,2.65164,0.0351852,7.9906,0.873859,0.0351852,7.9906,-0.903919,0.0351852,7.9906,-2.6817,0.0351852,7.9906,-4.45947,0.0351852,7.9906,-6.23725,0.0351852,7.9906,-8.01503,0.0351852,7.9906,7.98497,0.0351852,6.21282,6.20719,0.0351852,6.21282,4.42941,0.0351852,6.21282,2.65164,0.0351852,6.21282,0.873859,0.0351852,6.21282,-0.903919,0.0351852,6.21282,-2.6817,0.0351852,6.21282,-4.45947,0.0351852,6.21282,-6.23725,0.0351852,6.21282,-8.01503,0.0351852,6.21282,7.98497,0.0351851,4.43504,6.20719,0.0351851,4.43504,4.42941,0.0351851,4.43504,2.65164,0.0351851,4.43504,0.873859,0.0351851,4.43504,-0.903919,0.0351851,4.43504,-2.6817,0.0351851,4.43504,-4.45947,0.0351851,4.43504,-6.23725,0.0351851,4.43504,-8.01503,0.0351851,4.43504,7.98497,0.035185,2.65726,6.20719,0.035185,2.65726,4.42941,0.035185,2.65726,2.65164,0.035185,2.65726,0.873859,0.035185,2.65726,-0.903919,0.035185,2.65726,-2.6817,0.035185,2.65726,-4.45947,0.035185,2.65726,-6.23725,0.035185,2.65726,-8.01503,0.035185,2.65726,7.98497,0.0351849,0.879487,6.20719,0.0351849,0.879487,4.42941,0.0351849,0.879487,2.65164,0.0351849,0.879487,0.873859,0.0351849,0.879487,-0.903919,0.0351849,0.879487,-2.6817,0.0351849,0.879487,-4.45947,0.0351849,0.879487,-6.23725,0.0351849,0.879487,-8.01503,0.0351849,0.879487,7.98497,0.0351848,-0.898291,6.20719,0.0351848,-0.898291,4.42941,0.0351848,-0.898291,2.65164,0.0351848,-0.898291,0.873859,0.0351848,-0.898291,-0.903919,0.0351848,-0.898291,-2.6817,0.0351848,-0.898291,-4.45947,0.0351848,-0.898291,-6.23725,0.0351848,-0.898291,-8.01503,0.0351848,-0.898291,7.98497,0.0351848,-2.67607,6.20719,0.0351848,-2.67607,4.42941,0.0351848,-2.67607,2.65164,0.0351848,-2.67607,0.873859,0.0351848,-2.67607,-0.903919,0.0351848,-2.67607,-2.6817,0.0351848,-2.67607,-4.45947,0.0351848,-2.67607,-6.23725,0.0351848,-2.67607,-8.01503,0.0351848,-2.67607,7.98497,0.0351847,-4.45385,6.20719,0.0351847,-4.45385,4.42941,0.0351847,-4.45385,2.65164,0.0351847,-4.45385,0.873859,0.0351847,-4.45385,-0.903919,0.0351847,-4.45385,-2.6817,0.0351847,-4.45385,-4.45947,0.0351847,-4.45385,-6.23725,0.0351847,-4.45385,-8.01503,0.0351847,-4.45385,7.98497,0.0351846,-6.23162,6.20719,0.0351846,-6.23162,4.42941,0.0351846,-6.23162,2.65164,0.0351846,-6.23162,0.873859,0.0351846,-6.23162,-0.903919,0.0351846,-6.23162,-2.6817,0.0351846,-6.23162,-4.45947,0.0351846,-6.23162,-6.23725,0.0351846,-6.23162,-8.01503,0.0351846,-6.23162,7.98497,0.0351845,-8.0094,6.20719,0.0351845,-8.0094,4.42941,0.0351845,-8.0094,2.65164,0.0351845,-8.0094,0.873859,0.0351845,-8.0094,-0.903919,0.0351845,-8.0094,-2.6817,0.0351845,-8.0094,-4.45947,0.0351845,-8.0094,-6.23725,0.0351845,-8.0094,-8.01503,0.0351845,-8.0094],

	"morphTargets" : [],

	"normals" : [0,1,0],

	"colors" : [],

	"uvs" : [[]],

	"faces" : [33,5,4,14,15,0,0,0,0,33,6,5,15,16,0,0,0,0,33,7,6,16,17,0,0,0,0,33,1,0,10,11,0,0,0,0,33,8,7,17,18,0,0,0,0,33,2,1,11,12,0,0,0,0,33,9,8,18,19,0,0,0,0,33,3,2,12,13,0,0,0,0,33,4,3,13,14,0,0,0,0,33,18,17,27,28,0,0,0,0,33,12,11,21,22,0,0,0,0,33,19,18,28,29,0,0,0,0,33,13,12,22,23,0,0,0,0,33,14,13,23,24,0,0,0,0,33,15,14,24,25,0,0,0,0,33,16,15,25,26,0,0,0,0,33,17,16,26,27,0,0,0,0,33,11,10,20,21,0,0,0,0,33,21,20,30,31,0,0,0,0,33,28,27,37,38,0,0,0,0,33,22,21,31,32,0,0,0,0,33,29,28,38,39,0,0,0,0,33,23,22,32,33,0,0,0,0,33,24,23,33,34,0,0,0,0,33,25,24,34,35,0,0,0,0,33,26,25,35,36,0,0,0,0,33,27,26,36,37,0,0,0,0,33,37,36,46,47,0,0,0,0,33,31,30,40,41,0,0,0,0,33,38,37,47,48,0,0,0,0,33,32,31,41,42,0,0,0,0,33,39,38,48,49,0,0,0,0,33,33,32,42,43,0,0,0,0,33,34,33,43,44,0,0,0,0,33,35,34,44,45,0,0,0,0,33,36,35,45,46,0,0,0,0,33,47,46,56,57,0,0,0,0,33,41,40,50,51,0,0,0,0,33,48,47,57,58,0,0,0,0,33,42,41,51,52,0,0,0,0,33,49,48,58,59,0,0,0,0,33,43,42,52,53,0,0,0,0,33,44,43,53,54,0,0,0,0,33,45,44,54,55,0,0,0,0,33,46,45,55,56,0,0,0,0,33,56,55,65,66,0,0,0,0,33,57,56,66,67,0,0,0,0,33,51,50,60,61,0,0,0,0,33,58,57,67,68,0,0,0,0,33,52,51,61,62,0,0,0,0,33,59,58,68,69,0,0,0,0,33,53,52,62,63,0,0,0,0,33,54,53,63,64,0,0,0,0,33,55,54,64,65,0,0,0,0,33,66,65,75,76,0,0,0,0,33,67,66,76,77,0,0,0,0,33,61,60,70,71,0,0,0,0,33,68,67,77,78,0,0,0,0,33,62,61,71,72,0,0,0,0,33,69,68,78,79,0,0,0,0,33,63,62,72,73,0,0,0,0,33,64,63,73,74,0,0,0,0,33,65,64,74,75,0,0,0,0,33,75,74,84,85,0,0,0,0,33,76,75,85,86,0,0,0,0,33,77,76,86,87,0,0,0,0,33,71,70,80,81,0,0,0,0,33,78,77,87,88,0,0,0,0,33,72,71,81,82,0,0,0,0,33,79,78,88,89,0,0,0,0,33,73,72,82,83,0,0,0,0,33,74,73,83,84,0,0,0,0,33,85,84,94,95,0,0,0,0,33,86,85,95,96,0,0,0,0,33,87,86,96,97,0,0,0,0,33,81,80,90,91,0,0,0,0,33,88,87,97,98,0,0,0,0,33,82,81,91,92,0,0,0,0,33,89,88,98,99,0,0,0,0,33,83,82,92,93,0,0,0,0,33,84,83,93,94,0,0,0,0],

	"bones" : [],

	"skinIndices" : [],

	"skinWeights" : [],

  "animations" : []


}
