{

	"metadata" :
	{
		"formatVersion" : 3.1,
		"generatedBy"   : "Blender 2.7 Exporter",
		"vertices"      : 33,
		"faces"         : 31,
		"normals"       : 2,
		"colors"        : 0,
		"uvs"           : [],
		"materials"     : 1,
		"morphTargets"  : 0,
		"bones"         : 0
	},

	"scale" : 1.000000,

	"materials" : [	{
		"DbgColor" : 15658734,
		"DbgIndex" : 0,
		"DbgName" : "default",
		"vertexColors" : false
	}],

	"vertices" : [0,-1.23423e-07,-2.82358,-0.534366,-1.21192e-07,-2.77256,-1.04942,-1.14582e-07,-2.62132,-1.52654,-1.0383e-07,-2.37535,-1.94849,-8.93252e-08,-2.04352,-2.30002,-7.15922e-08,-1.63784,-2.56842,-5.12716e-08,-1.17296,-2.74399,-2.9098e-08,-0.665685,-2.82038,-5.8727e-09,-0.134352,-2.79484,1.75649e-08,0.401837,-2.66829,4.03676e-08,0.923503,-2.44529,6.17113e-08,1.41179,-2.13392,8.08247e-08,1.84905,-1.74542,9.70168e-08,2.21949,-1.29384,1.09702e-07,2.5097,-0.795494,1.18423e-07,2.70921,-0.268398,1.22864e-07,2.8108,0.2684,1.22864e-07,2.8108,0.795496,1.18423e-07,2.70921,1.29384,1.09702e-07,2.5097,1.74542,9.70167e-08,2.21948,2.13392,8.08246e-08,1.84905,2.44529,6.17113e-08,1.41179,2.66829,4.03675e-08,0.923501,2.79484,1.75648e-08,0.401835,2.82038,-5.8728e-09,-0.134354,2.74399,-2.90981e-08,-0.665687,2.56842,-5.12718e-08,-1.17296,2.30002,-7.15923e-08,-1.63784,1.94849,-8.93253e-08,-2.04352,1.52654,-1.0383e-07,-2.37535,1.04942,-1.14582e-07,-2.62132,0.534362,-1.21192e-07,-2.77256],

	"morphTargets" : [],

	"normals" : [0,0.999969,0,0,1,0],

	"colors" : [],

	"uvs" : [],

	"faces" : [34,15,16,17,0,0,1,1,34,15,17,18,0,0,1,1,34,14,15,18,0,1,0,1,34,14,18,19,0,1,1,1,34,13,14,19,0,1,1,1,34,13,19,20,0,1,1,1,34,12,13,20,0,1,1,1,34,12,20,21,0,1,1,1,34,11,12,21,0,1,1,1,34,11,21,22,0,1,1,1,34,10,11,22,0,1,1,1,34,10,22,23,0,1,1,1,34,9,10,23,0,1,1,1,34,9,23,24,0,1,1,1,34,8,9,24,0,0,1,1,34,8,24,25,0,0,1,0,34,7,8,25,0,0,0,0,34,7,25,26,0,0,0,1,34,6,7,26,0,1,0,1,34,6,26,27,0,1,1,1,34,5,6,27,0,1,1,1,34,5,27,28,0,1,1,1,34,4,5,28,0,0,1,1,34,4,28,29,0,0,1,1,34,3,4,29,0,1,0,1,34,3,29,30,0,1,1,0,34,2,3,30,0,1,1,0,34,2,30,31,0,1,0,0,34,1,2,31,0,0,1,0,34,1,31,32,0,0,0,1,34,0,1,32,0,0,0,1],

	"bones" : [],

	"skinIndices" : [],

	"skinWeights" : [],

  "animations" : []


}
